INSERT INTO HOGAR(NOMBRE_FAMILIA) VALUES ("PLAZA CAMPOS");
INSERT INTO HOGAR(NOMBRE_FAMILIA) VALUES ("FLORES MEDINA");
INSERT INTO HOGAR(NOMBRE_FAMILIA) VALUES ("LOPEZ SALAZAR");
INSERT INTO HOGAR(NOMBRE_FAMILIA) VALUES ("GARCIA RODRIGUEZ");
INSERT INTO HOGAR(NOMBRE_FAMILIA) VALUES ("CHAVEZ LOPEZ");
INSERT INTO HOGAR(NOMBRE_FAMILIA) VALUES ("VACA GALINDO");
INSERT INTO HOGAR(NOMBRE_FAMILIA) VALUES ("TOMALA CABEZA");
INSERT INTO HOGAR(NOMBRE_FAMILIA) VALUES ("PLAZA LAGOS");
INSERT INTO HOGAR(NOMBRE_FAMILIA) VALUES ("URRUTIA MERINO");
INSERT INTO HOGAR(NOMBRE_FAMILIA) VALUES ("NONOA BUCARAM");
INSERT INTO HOGAR(NOMBRE_FAMILIA) VALUES ("TORRES TORRES");
INSERT INTO HOGAR(NOMBRE_FAMILIA) VALUES ("ROMERO SANCHEZ");
INSERT INTO HOGAR(NOMBRE_FAMILIA) VALUES ("SALAZAR LEON");
INSERT INTO HOGAR(NOMBRE_FAMILIA) VALUES ("QUIROZ AYOVI");
INSERT INTO HOGAR(NOMBRE_FAMILIA) VALUES ("VALENCIA NAZARENO");
INSERT INTO HOGAR(NOMBRE_FAMILIA) VALUES ("BARKER MALO");
INSERT INTO HOGAR(NOMBRE_FAMILIA) VALUES ("SMITH ZAMBRANO");
INSERT INTO HOGAR(NOMBRE_FAMILIA) VALUES ("VILLAMAR SALTOS");
INSERT INTO HOGAR(NOMBRE_FAMILIA) VALUES ("PESANTEZ PROCEL");
INSERT INTO HOGAR(NOMBRE_FAMILIA) VALUES ("VERGARA BENITEZ");
INSERT INTO HOGAR(NOMBRE_FAMILIA) VALUES ("FLORES LOPEZ");
INSERT INTO HOGAR(NOMBRE_FAMILIA) VALUES ("MENENDEZ MERO");
INSERT INTO HOGAR(NOMBRE_FAMILIA) VALUES ("TOMALA LARA");
INSERT INTO HOGAR(NOMBRE_FAMILIA) VALUES ("GOMEZ COBOS");
INSERT INTO HOGAR(NOMBRE_FAMILIA) VALUES ("VILLAPRADO BANGUERA");
INSERT INTO HOGAR(NOMBRE_FAMILIA) VALUES ("SAAVEDRA MUÑOZ");
INSERT INTO HOGAR(NOMBRE_FAMILIA) VALUES ("VINTIMILLA LOPEZ");
INSERT INTO HOGAR(NOMBRE_FAMILIA) VALUES ("PILLASAGUA CHAVAL");
INSERT INTO HOGAR(NOMBRE_FAMILIA) VALUES ("GONZALEZ PAZMIÑO");
INSERT INTO HOGAR(NOMBRE_FAMILIA) VALUES ("GUTIERREZ TORRES");
INSERT INTO HOGAR(NOMBRE_FAMILIA) VALUES ("PALOMEQUE GUDIÑO");
INSERT INTO HOGAR(NOMBRE_FAMILIA) VALUES ("GARCIA CASTRO");
INSERT INTO HOGAR(NOMBRE_FAMILIA) VALUES ("FEBRES CORDERO");
INSERT INTO HOGAR(NOMBRE_FAMILIA) VALUES ("LENIN MORENO");
INSERT INTO HOGAR(NOMBRE_FAMILIA) VALUES ("CAICEDO DOMINGUEZ");
INSERT INTO HOGAR(NOMBRE_FAMILIA) VALUES ("LORE MARTINEZ");
INSERT INTO HOGAR(NOMBRE_FAMILIA) VALUES ("MONTALVO ZAMBRANO");
INSERT INTO HOGAR(NOMBRE_FAMILIA) VALUES ("MACIAS SALTOS");
INSERT INTO HOGAR(NOMBRE_FAMILIA) VALUES ("VILLAMIL PROCEL");
INSERT INTO HOGAR(NOMBRE_FAMILIA) VALUES ("COLUNGA BENITEZ");

INSERT INTO ADMINISTRADOR VALUES ("PCAMPOS", "PCAM7455", 1);
INSERT INTO ADMINISTRADOR VALUES ("FMEDINA", "MED545FS", 2);
INSERT INTO ADMINISTRADOR VALUES ("LSALAZAR", "2255ASAL", 3);
INSERT INTO ADMINISTRADOR VALUES ("PEDROLAZAR", "PEDRO151", 3);
INSERT INTO ADMINISTRADOR VALUES ("JOSELUISXD", "JOSELIX69", 1);
INSERT INTO ADMINISTRADOR VALUES ("JUANPIGUAVE", "PIGUAVE358", 4);
INSERT INTO ADMINISTRADOR VALUES ("MARCOH55", "MARK43SS", 5);
INSERT INTO ADMINISTRADOR VALUES ("AQUILESCAIGO", "TROYA123", 5);
INSERT INTO ADMINISTRADOR VALUES ("KRATOSDAVID", "ZEUS124", 6);
INSERT INTO ADMINISTRADOR VALUES ("NOBITAZAM", "ZAMBRANO01", 7);
INSERT INTO ADMINISTRADOR VALUES ("JOANLUIS", "LUISECSXD", 8);
INSERT INTO ADMINISTRADOR VALUES ("BETOZZ", "ZZBETOZ58", 9);
INSERT INTO ADMINISTRADOR VALUES ("MAGNUS", "CHESS123", 11);
INSERT INTO ADMINISTRADOR VALUES ("NAKAMURA", "BONGCLOUD", 12);
INSERT INTO ADMINISTRADOR VALUES ("VOLKOVPEDRO", "RUSSIA74", 13);
INSERT INTO ADMINISTRADOR VALUES ("ADOLFOH", "BERLIN45", 14);
INSERT INTO ADMINISTRADOR VALUES ("TRUMP", "MONEY", 14);
INSERT INTO ADMINISTRADOR VALUES ("TONYSTARK", "IRONMAN", 10);
INSERT INTO ADMINISTRADOR VALUES ("DONNAZA", "BIGMONEY", 17);
INSERT INTO ADMINISTRADOR VALUES ("MARCOTULIO", "RPESTODO", 20);
INSERT INTO ADMINISTRADOR VALUES ("GARCIZZZ", "FDSFDS", 21);
INSERT INTO ADMINISTRADOR VALUES ("PHURKDD", "SFDSFSD", 22);
INSERT INTO ADMINISTRADOR VALUES ("PORTALES", "D5985SS", 23);
INSERT INTO ADMINISTRADOR VALUES ("DOMINGUEZXD", "FDS563", 23);
INSERT INTO ADMINISTRADOR VALUES ("LUCHOFRANK", "LUISESS6", 21);
INSERT INTO ADMINISTRADOR VALUES ("PAULMGP", "MGP2002", 24);
INSERT INTO ADMINISTRADOR VALUES ("MOCHISPL", "FDFAYUDA2", 25);
INSERT INTO ADMINISTRADOR VALUES ("GERRERO123", "123WAR", 25);
INSERT INTO ADMINISTRADOR VALUES ("OLAKEASE", "OLAKEASE", 26);
INSERT INTO ADMINISTRADOR VALUES ("MBAPPE", "CR7MIPASION", 27);
INSERT INTO ADMINISTRADOR VALUES ("WALTER09", "09ALTERNOS", 38);
INSERT INTO ADMINISTRADOR VALUES ("ALEXANDRE5", "ALEX234", 39);
INSERT INTO ADMINISTRADOR VALUES ("RUBIUS", "TROLEOS", 31);
INSERT INTO ADMINISTRADOR VALUES ("VIOLETTA", "PELOTA8", 32);
INSERT INTO ADMINISTRADOR VALUES ("NEMESIS", "RENANVCER", 33);
INSERT INTO ADMINISTRADOR VALUES ("STALIN", "COMUNISMO", 34);
INSERT INTO ADMINISTRADOR VALUES ("IRELIA", "ADADAD", 34);
INSERT INTO ADMINISTRADOR VALUES ("RANKAN", "SOPORTE", 30);
INSERT INTO ADMINISTRADOR VALUES ("MAESTRO YI", "SOLOQ", 37);
INSERT INTO ADMINISTRADOR VALUES ("XIN ZHAO", "MAESTRIA7", 40);

INSERT INTO MIEMBROS_FAMILIA VALUES ("JOSESALAZ", "SALAX123", 3);
INSERT INTO MIEMBROS_FAMILIA VALUES ("FRANKLAZ", "FRANK455", 3);
INSERT INTO MIEMBROS_FAMILIA VALUES ("ERICKGDD", "GDD165589", 2);
INSERT INTO MIEMBROS_FAMILIA VALUES ("LEONARDOCAMPOS", "CAAMPOSS125", 1);
INSERT INTO MIEMBROS_FAMILIA VALUES ("STEVEROGERS", "SUERO174", 1);
INSERT INTO MIEMBROS_FAMILIA VALUES ("JOANPAOLO", "PAOLO64", 4);
INSERT INTO MIEMBROS_FAMILIA VALUES ("TULIOMORENO", "MORENOSSS", 5);
INSERT INTO MIEMBROS_FAMILIA VALUES ("NICOLELOPEZ", "NICOL111", 7);
INSERT INTO MIEMBROS_FAMILIA VALUES ("EMELYPEREZ", "PEREZE36", 8);
INSERT INTO MIEMBROS_FAMILIA VALUES ("ALYSHIACANADA", "CANADA2.0", 10);
INSERT INTO MIEMBROS_FAMILIA VALUES ("DOMINIQUEPILAR", "PILARSITA", 12);
INSERT INTO MIEMBROS_FAMILIA VALUES ("DEBORA777", "777DEB777", 13);
INSERT INTO MIEMBROS_FAMILIA VALUES ("SAMUELDELUQUE", "VEGETTA777", 7);
INSERT INTO MIEMBROS_FAMILIA VALUES ("ELONMOSK", "TESLA99", 19);
INSERT INTO MIEMBROS_FAMILIA VALUES ("BEZOSAMA", "AMAZON532", 19);
INSERT INTO MIEMBROS_FAMILIA VALUES ("BILLGATES", "PAGALALICENCIA", 13);
INSERT INTO MIEMBROS_FAMILIA VALUES ("PABLOESCOBAR", "ELPATRON", 15);
INSERT INTO MIEMBROS_FAMILIA VALUES ("TONYMONTANA", "CARACORTADA", 3);
INSERT INTO MIEMBROS_FAMILIA VALUES ("GUZMANCH", "ELCHAPO", 11);
INSERT INTO MIEMBROS_FAMILIA VALUES ("ABDALABUCARAM", "ELLOCOC", 6);
INSERT INTO MIEMBROS_FAMILIA VALUES ("HEIDYCHA", "HCSDSF", 33);
INSERT INTO MIEMBROS_FAMILIA VALUES ("LUISAPER", "PER1566", 33);
INSERT INTO MIEMBROS_FAMILIA VALUES ("JOSEJOSE", "JOSE798", 32);
INSERT INTO MIEMBROS_FAMILIA VALUES ("JHOSCAMPOS", "JHOSH236", 31);
INSERT INTO MIEMBROS_FAMILIA VALUES ("FELIPEVIZ", "FELIPEZZZ", 31);
INSERT INTO MIEMBROS_FAMILIA VALUES ("KEVINBAJAÑA", "BAJAÑEZ", 34);
INSERT INTO MIEMBROS_FAMILIA VALUES ("BARAZZI", "ELGORDO", 35);
INSERT INTO MIEMBROS_FAMILIA VALUES ("NATALIEPEREZ", "NATA156", 37);
INSERT INTO MIEMBROS_FAMILIA VALUES ("JUANTAIPE", "TAIPE654", 38);
INSERT INTO MIEMBROS_FAMILIA VALUES ("FACUFACU", "FERNAD49", 30);
INSERT INTO MIEMBROS_FAMILIA VALUES ("NATASHAZULAY", "ZULAY213", 22);
INSERT INTO MIEMBROS_FAMILIA VALUES ("DAMIAN846", "DAMIN456", 23);
INSERT INTO MIEMBROS_FAMILIA VALUES ("XAYAHDD", "RAKANDDS", 27);
INSERT INTO MIEMBROS_FAMILIA VALUES ("TAMKENCH", "SAPO5465", 29);
INSERT INTO MIEMBROS_FAMILIA VALUES ("SETT", "LUCHADOR", 29);
INSERT INTO MIEMBROS_FAMILIA VALUES ("MORGANA", "ANGEL", 23);
INSERT INTO MIEMBROS_FAMILIA VALUES ("MALPHITE", "LAROCA", 25);
INSERT INTO MIEMBROS_FAMILIA VALUES ("BRAND56", "CALIENTE456",23);
INSERT INTO MIEMBROS_FAMILIA VALUES ("LEESIN", "THEBLIND", 21);
INSERT INTO MIEMBROS_FAMILIA VALUES ("AMUMU4565", "STUNETERNO", 26);


INSERT INTO USUARIOS VALUES ("PCAMPOS", "12345-54321-895",5000.00, 1);
INSERT INTO USUARIOS VALUES ("FMEDINA", "89657-56348-973",7000.00, 2);
INSERT INTO USUARIOS VALUES ("LSALAZAR", "98766-65520-895",25000.00, 3);
INSERT INTO USUARIOS VALUES ("PEDROLAZAR", "36580-25470-521",51000.00, 3);
INSERT INTO USUARIOS VALUES ("JOSELUISXD", "02636-98500-020",9000.00, 1);
INSERT INTO USUARIOS VALUES ("JUANPIGUAVE", "36575-00056-035",1000.00, 4);
INSERT INTO USUARIOS VALUES ("MARCOH55", "03592-05552-005",50000.00, 5);
INSERT INTO USUARIOS VALUES ("AQUILESCAIGO", "20202-36500-999",1000.00, 5);
INSERT INTO USUARIOS VALUES ("KRATOSDAVID", "05551-05562-000",5000.00, 6);
INSERT INTO USUARIOS VALUES ("NOBITAZAM", "05682-00566-971",6000.00, 7);
INSERT INTO USUARIOS VALUES ("JOANLUIS", "40659-08763-366",3000.00, 8);
INSERT INTO USUARIOS VALUES ("BETOZZ", "66666-66666-66",2000.00, 9);
INSERT INTO USUARIOS VALUES ("MAGNUS", "34234-23444-879",5050.00, 11);
INSERT INTO USUARIOS VALUES ("NAKAMURA", "36985-03250-003",7700.00, 12);
INSERT INTO USUARIOS VALUES ("VOLKOVPEDRO", "03625-98520-317",8800.00, 13);
INSERT INTO USUARIOS VALUES ("ADOLFOH", "98758-69354-024",5000.00, 14);
INSERT INTO USUARIOS VALUES ("TRUMP", "14563-02520-314",4500.00, 14);
INSERT INTO USUARIOS VALUES ("TONYSTARK", "89565-78945-000",3333.00, 10);
INSERT INTO USUARIOS VALUES ("DONNAZA", "35698-59850-145",4968.00, 17);
INSERT INTO USUARIOS VALUES ("MARCOTULIO", "36585-02145-356",9863.00, 20);
INSERT INTO USUARIOS VALUES ("JOSESALAZ", "11111-11111-111",47856.00, 3);
INSERT INTO USUARIOS VALUES ("FRANKLAZ", "22222-22222-222",50200.00, 3);
INSERT INTO USUARIOS VALUES ("ERICKGDD", "33333-33333-33",50300.00, 2);
INSERT INTO USUARIOS VALUES ("LEONARDOCAMPOS", "44444-44444-444",5300.00, 1);
INSERT INTO USUARIOS VALUES ("STEVEROGERS", "55555-55555-555",7000.00, 1);
INSERT INTO USUARIOS VALUES ("JOANPAOLO", "11123-14156-789",2000.00, 4);
INSERT INTO USUARIOS VALUES ("TULIOMORENO", "10101-10101-101",10000.00, 5);
INSERT INTO USUARIOS VALUES ("DOMINIQUEPILAR", "99999-99999-999",50020.00, 12);
INSERT INTO USUARIOS VALUES ("DEBORA777", "88888-88888-888",14000.00, 13);
INSERT INTO USUARIOS VALUES ("SAMUELDELUQUE", "77777-77777-777",12000.00, 7);
INSERT INTO USUARIOS VALUES ("EMELYPEREZ", "15165-00000-000",12000.00, 8);
INSERT INTO USUARIOS VALUES ("ALYSHIACANADA", "66688-39856-257",12000.00, 10);
INSERT INTO USUARIOS VALUES ("FACUFACU", "98468-64513-565",3000.00, 30);
INSERT INTO USUARIOS VALUES ("NATASHAZULAY", "35843-98700-326",2500.00, 22);
INSERT INTO USUARIOS VALUES ("DAMIAN846", "95463-98325-630",1500.00, 23);
INSERT INTO USUARIOS VALUES ("XAYAHDD", "98720-30619-541", 15987.00,27);
INSERT INTO USUARIOS VALUES ("TAMKENCH", "89745-89945-566", 3000.00,29);
INSERT INTO USUARIOS VALUES ("SETT", "98798-98798-522", 2500.00,29);
INSERT INTO USUARIOS VALUES ("MORGANA", "03033-84984-051",6958.00, 23);
INSERT INTO USUARIOS VALUES ("MALPHITE", "35474-03268-999",4500.00, 25);
INSERT INTO USUARIOS VALUES ("BRAND56", "64324-35246-367",6895.00,23);
INSERT INTO USUARIOS VALUES ("LEESIN", "48968-98753-846", 10000.00,21);
INSERT INTO USUARIOS VALUES ("AMUMU4565", "00231-02346-031",6500.00, 26);
INSERT INTO USUARIOS VALUES ("GARCIZZZ", "03465-48432-300",2600.00, 21);
INSERT INTO USUARIOS VALUES ("PHURKDD", "65489-03215-465",2698.00, 22);
INSERT INTO USUARIOS VALUES ("PORTALES", "74135-01100-363",2450.00, 23);
INSERT INTO USUARIOS VALUES ("DOMINGUEZXD", "00350-02615-254",15000.00, 23);
INSERT INTO USUARIOS VALUES ("LUCHOFRANK", "98466-02665-741", 13003.00,21);
INSERT INTO USUARIOS VALUES ("PAULMGP", "03035-05605-000",1450.00, 24);
INSERT INTO USUARIOS VALUES ("MOCHISPL", "98732-00012-560",2500.00, 25);
INSERT INTO USUARIOS VALUES ("GERRERO123", "15652-02668-658",1620.00, 25);
INSERT INTO USUARIOS VALUES ("OLAKEASE", "05256-56589-008",5555.00, 26);
INSERT INTO USUARIOS VALUES ("MBAPPE", "65462-98843-005",6956.00, 27);
INSERT INTO USUARIOS VALUES ("WALTER09", "02656-69840-001",7777.00, 38);

-- SOLO EXISTEN EN NUESTRO PROGRAMA 5 CATEGORIAS
INSERT INTO CATEGORIAS(NOMBRE) VALUES ("ALIMENTACION");
INSERT INTO CATEGORIAS(NOMBRE) VALUES ("SALUD");
INSERT INTO CATEGORIAS(NOMBRE) VALUES ("VIVIENDA");
INSERT INTO CATEGORIAS(NOMBRE) VALUES ("VESTIMENTA");
INSERT INTO CATEGORIAS(NOMBRE) VALUES ("DISTRACCION");

INSERT INTO GASTOS VALUES ("Agua",34.87,"2021-05-02","2021-06-03","PCAMPOS",3,"PCAMPOS");
INSERT INTO GASTOS VALUES ("Salida con amigos",16.50,"2021-03-01","2021-03-01","MARCOH55",5,"TULIOMORENO");
INSERT INTO GASTOS VALUES ("Ropa para Navidad",140.97,"2020-12-10","2020-12-10","MARCOH55",4,"MARCOH55");
INSERT INTO GASTOS VALUES ("Luz",60.23,"2021-05-02","2021-06-03","NAKAMURA",3,"DOMINIQUEPILAR");
INSERT INTO GASTOS VALUES ("Cena en Gran Chef",67.33,"2021-04-05","2021-04-05","MAGNUS",1,"MAGNUS");
INSERT INTO GASTOS VALUES ("Consulta medica",13.00,"2020-08-07","2020-08-07","FMEDINA",2,"ERICKGDD");
INSERT INTO GASTOS VALUES ("Medicamentos para el estomago",26.51,"2020-10-24","2020-10-24","ADOLFOH",2,"ADOLFOH");
INSERT INTO GASTOS VALUES ("Repisas para la cocina",20.00,"2021-02-19","2021-02-19","NAKAMURA",4,"NAKAMURA");
INSERT INTO GASTOS VALUES ("Juego de luces para el cuarto",15.34,"2021-03-24","2021-03-24","PEDROLAZAR",3,"PEDROLAZAR");
INSERT INTO GASTOS VALUES ("Mercado mensual",120.87,"2020-11-09","2020-11-09","NAKAMURA",1,"NAKAMURA");
INSERT INTO GASTOS VALUES ("Agua",32.77,"2021-03-05","2021-04-06","DONNAZA",3,"DONNAZA");
INSERT INTO GASTOS VALUES ("Salida familiar al Malecon",23.50,"2021-02-05","2021-02-05","NOBITAZAM",5,"NOBITAZAM");
INSERT INTO GASTOS VALUES ("Camisa para fiesta de amiga",12.54,"2021-05-22","2021-05-22","MAGNUS",4,"MAGNUS");
INSERT INTO GASTOS VALUES ("Agua",34.87,"2021-06-03","2021-06-03","LSALAZAR",3,"FRANKLAZ");
INSERT INTO GASTOS VALUES ("Salida al cine con mi prima",20.00,"2021-06-14","2021-06-14","DONNAZA",5,"DONNAZA");
INSERT INTO GASTOS VALUES ("Articulos de higiene",25.07,"2021-01-31","2021-01-31","LSALAZAR",2,"FRANKLAZ");
INSERT INTO GASTOS VALUES ("Cereales para los niños",18.23,"2021-07-25","2021-07-25","PCAMPOS",1,"STEVEROGERS");
INSERT INTO GASTOS VALUES ("Llaves de agua para la cocina",9.17,"2021-04-13","2021-04-13","TONYSTARK",3,"TONYSTARK");
INSERT INTO GASTOS VALUES ("Luz",16.98,"2021-03-08","2021-03-08","PEDROLAZAR",3,"PEDROLAZAR");
INSERT INTO GASTOS VALUES ("Agua",8.87,"2021-04-30","2021-04-30","PEDROLAZAR",3,"JOSESALAZ");
INSERT INTO GASTOS VALUES ("Agua",34.87,"2021-05-02","2021-06-03","WALTER09",3,"WALTER09");
INSERT INTO GASTOS VALUES ("Salida con amigos",16.50,"2021-03-01","2021-03-01","RANKAN",5,"FACUFACU");
INSERT INTO GASTOS VALUES ("Ropa para Navidad",140.97,"2020-12-10","2020-12-10","MBAPPE",4,"XAYAHDD");
INSERT INTO GASTOS VALUES ("Luz",60.23,"2021-05-02","2021-06-03","MBAPPE",3,"MBAPPE");
INSERT INTO GASTOS VALUES ("Cena en Gran Chef",67.33,"2021-04-05","2021-04-05","OLAKEASE",1,"AMUMU4565");
INSERT INTO GASTOS VALUES ("Consulta medica",13.00,"2020-08-07","2020-08-07","OLAKEASE",2,"OLAKEASE");
INSERT INTO GASTOS VALUES ("Medicamentos para el estomago",26.51,"2020-10-24","2020-10-24","MOCHISPL",2,"MALPHITE");
INSERT INTO GASTOS VALUES ("Repisas para la cocina",20.00,"2021-02-19","2021-02-19","GERRERO123",3,"MOCHISPL");
INSERT INTO GASTOS VALUES ("Juego de luces para el cuarto",15.34,"2021-03-24","2021-03-24","MOCHISPL",3,"MOCHISPL");
INSERT INTO GASTOS VALUES ("Mercado mensual",120.87,"2020-11-09","2020-11-09","MOCHISPL",1,"GERRERO123");
INSERT INTO GASTOS VALUES ("Agua",32.77,"2021-03-05","2021-04-06","WALTER09",3,"WALTER09");
INSERT INTO GASTOS VALUES ("Salida familiar al Malecon",23.50,"2021-02-05","2021-02-05","RANKAN",5,"FACUFACU");
INSERT INTO GASTOS VALUES ("Camisa para fiesta de amiga",12.54,"2021-05-22","2021-05-22","MBAPPE",4,"XAYAHDD");
INSERT INTO GASTOS VALUES ("Agua",34.87,"2021-08-03","2021-06-03","LSALAZAR",3,"FRANKLAZ");
INSERT INTO GASTOS VALUES ("Salida al cine con mi prima",20.00,"2021-06-14","2021-06-14","MBAPPE",5,"MBAPPE");
INSERT INTO GASTOS VALUES ("Articulos de higiene",25.07,"2021-01-31","2021-01-31","OLAKEASE",3,"AMUMU4565");
INSERT INTO GASTOS VALUES ("Cereales para los niños",18.23,"2021-07-25","2021-07-25","OLAKEASE",1,"OLAKEASE");
INSERT INTO GASTOS VALUES ("Llaves de agua para la cocina",9.17,"2021-04-13","2021-04-13","MOCHISPL",3,"MALPHITE");
INSERT INTO GASTOS VALUES ("Luz",16.98,"2021-03-08","2021-03-08","GERRERO123",3,"MOCHISPL");
INSERT INTO GASTOS VALUES ("Agua",8.87,"2021-04-30","2021-04-30","MOCHISPL",3,"GERRERO123");

INSERT INTO INGRESOS(USUARIO, USUARIO_ADMIN, FECHA_INGRESO) VALUES ("JUANPIGUAVE","JUANPIGUAVE","2019-01-03");
INSERT INTO INGRESOS(USUARIO, USUARIO_ADMIN, FECHA_INGRESO) VALUES ("SAMUELDELUQUE","NOBITAZAM","2019-02-03");
INSERT INTO INGRESOS(USUARIO, USUARIO_ADMIN, FECHA_INGRESO) VALUES ("KRATOSDAVID","KRATOSDAVID","2019-03-03");
INSERT INTO INGRESOS(USUARIO, USUARIO_ADMIN, FECHA_INGRESO) VALUES ("PEDROLAZAR","LSALAZAR","2019-04-03");
INSERT INTO INGRESOS(USUARIO, USUARIO_ADMIN, FECHA_INGRESO) VALUES ("FMEDINA","FMEDINA","2019-05-03");
INSERT INTO INGRESOS(USUARIO, USUARIO_ADMIN, FECHA_INGRESO) VALUES ("MAGNUS","MAGNUS","2019-06-03");
INSERT INTO INGRESOS(USUARIO, USUARIO_ADMIN, FECHA_INGRESO) VALUES ("AQUILESCAIGO","MARCOH55","2019-07-03");
INSERT INTO INGRESOS(USUARIO, USUARIO_ADMIN, FECHA_INGRESO) VALUES ("PCAMPOS","JOSELUISXD","2019-08-03");
INSERT INTO INGRESOS(USUARIO, USUARIO_ADMIN, FECHA_INGRESO) VALUES ("VOLKOVPEDRO","VOLKOVPEDRO","2019-09-03");
INSERT INTO INGRESOS(USUARIO, USUARIO_ADMIN, FECHA_INGRESO) VALUES ("LEONARDOCAMPOS","PCAMPOS","2019-10-03");
INSERT INTO INGRESOS(USUARIO, USUARIO_ADMIN, FECHA_INGRESO) VALUES ("JOANLUIS","JOANLUIS","2019-11-03");
INSERT INTO INGRESOS(USUARIO, USUARIO_ADMIN, FECHA_INGRESO) VALUES ("DONNAZA","DONNAZA","2019-12-03");
INSERT INTO INGRESOS(USUARIO, USUARIO_ADMIN, FECHA_INGRESO) VALUES ("NAKAMURA","NAKAMURA","2020-01-03");
INSERT INTO INGRESOS(USUARIO, USUARIO_ADMIN, FECHA_INGRESO) VALUES ("ERICKGDD","FMEDINA","2020-02-03");
INSERT INTO INGRESOS(USUARIO, USUARIO_ADMIN, FECHA_INGRESO) VALUES ("TONYSTARK","TONYSTARK","2020-03-03");
INSERT INTO INGRESOS(USUARIO, USUARIO_ADMIN, FECHA_INGRESO) VALUES ("EMELYPEREZ","JOANLUIS","2020-04-03");
INSERT INTO INGRESOS(USUARIO, USUARIO_ADMIN, FECHA_INGRESO) VALUES ("ALYSHIACANADA","TONYSTARK","2020-05-03");
INSERT INTO INGRESOS(USUARIO, USUARIO_ADMIN, FECHA_INGRESO) VALUES ("DOMINIQUEPILAR","NAKAMURA","2020-06-03");
INSERT INTO INGRESOS(USUARIO, USUARIO_ADMIN, FECHA_INGRESO) VALUES ("DEBORA777","VOLKOVPEDRO","2020-07-03");
INSERT INTO INGRESOS(USUARIO, USUARIO_ADMIN, FECHA_INGRESO) VALUES ("WALTER09","WALTER09","2020-01-03");
INSERT INTO INGRESOS(USUARIO, USUARIO_ADMIN, FECHA_INGRESO) VALUES ("FACUFACU","RANKAN","2020-02-03");
INSERT INTO INGRESOS(USUARIO, USUARIO_ADMIN, FECHA_INGRESO) VALUES ("XAYAHDD","MBAPPE","2020-03-03");
INSERT INTO INGRESOS(USUARIO, USUARIO_ADMIN, FECHA_INGRESO) VALUES ("MBAPPE","MBAPPE","2020-09-03");
INSERT INTO INGRESOS(USUARIO, USUARIO_ADMIN, FECHA_INGRESO) VALUES ("AMUMU4565","OLAKEASE","2020-05-03");
INSERT INTO INGRESOS(USUARIO, USUARIO_ADMIN, FECHA_INGRESO) VALUES ("OLAKEASE","OLAKEASE","2020-06-03");
INSERT INTO INGRESOS(USUARIO, USUARIO_ADMIN, FECHA_INGRESO) VALUES ("GERRERO123","GERRERO123","2020-07-03");
INSERT INTO INGRESOS(USUARIO, USUARIO_ADMIN, FECHA_INGRESO) VALUES ("MOCHISPL","GERRERO123","2020-08-03");
INSERT INTO INGRESOS(USUARIO, USUARIO_ADMIN, FECHA_INGRESO) VALUES ("GERRERO123","MOCHISPL","2020-09-03");
INSERT INTO INGRESOS(USUARIO, USUARIO_ADMIN, FECHA_INGRESO) VALUES ("MOCHISPL","MOCHISPL","2020-10-03");
INSERT INTO INGRESOS(USUARIO, USUARIO_ADMIN, FECHA_INGRESO) VALUES ("MALPHITE","GERRERO123","2020-11-03");
INSERT INTO INGRESOS(USUARIO, USUARIO_ADMIN, FECHA_INGRESO) VALUES ("MALPHITE","MOCHISPL","2020-12-03");
INSERT INTO INGRESOS(USUARIO, USUARIO_ADMIN, FECHA_INGRESO) VALUES ("PAULMGP","PAULMGP","2021-01-03");
INSERT INTO INGRESOS(USUARIO, USUARIO_ADMIN, FECHA_INGRESO) VALUES ("DOMINGUEZXD","PORTALES","2021-02-03");
INSERT INTO INGRESOS(USUARIO, USUARIO_ADMIN, FECHA_INGRESO) VALUES ("PORTALES","PORTALES","2021-03-03");
INSERT INTO INGRESOS(USUARIO, USUARIO_ADMIN, FECHA_INGRESO) VALUES ("DOMINGUEZXD","DOMINGUEZXD","2021-04-03");
INSERT INTO INGRESOS(USUARIO, USUARIO_ADMIN, FECHA_INGRESO) VALUES ("PORTALES","DOMINGUEZXD","2021-05-03");
INSERT INTO INGRESOS(USUARIO, USUARIO_ADMIN, FECHA_INGRESO) VALUES ("DAMIAN846","DOMINGUEZXD","2021-06-03");
INSERT INTO INGRESOS(USUARIO, USUARIO_ADMIN, FECHA_INGRESO) VALUES ("DAMIAN846","PORTALES","2021-07-03");

INSERT INTO HISTORIALFINANZAS VALUES(1,2019,25000.00,27000.00,2000.00,5000.00,5000.00,7000.00,3000.00,5000.00,1);
INSERT INTO HISTORIALFINANZAS VALUES(2,2019,20000.00,22000.00,2000.00,4000.00,8000.00,2000.00,2000.00,4000.00,1);
INSERT INTO HISTORIALFINANZAS VALUES(3,2019,150000.00,19000.00,4000.00,5000.00,3000.00,1000.00,1000.00,5000.00,1);
INSERT INTO HISTORIALFINANZAS VALUES(4,2019,35000.00,32000.00,-3000.00,5000.00,5000.00,7000.00,8000.00,10000.00,2);
INSERT INTO HISTORIALFINANZAS VALUES(5,2019,25000.00,27000.00,2000.00,5000.00,5000.00,7000.00,3000.00,5000.00,2);
INSERT INTO HISTORIALFINANZAS VALUES(6,2019,20000.00,22000.00,2000.00,2000.00,5000.00,6000.00,3000.00,4000.00,2);
INSERT INTO HISTORIALFINANZAS VALUES(7,2019,25000.00,27000.00,2000.00,5000.00,5000.00,7000.00,3000.00,5000.00,3);
INSERT INTO HISTORIALFINANZAS VALUES(8,2019,15000.00,17000.00,-2000.00,3000.00,3000.00,3000.00,3000.00,3000.00,3);
INSERT INTO HISTORIALFINANZAS VALUES(9,2019,25000.00,28000.00,3000.00,5000.00,5000.00,7000.00,3000.00,5000.00,3);
INSERT INTO HISTORIALFINANZAS VALUES(10,2019,10000.00,11000.00,1000.00,2000.00,2000.00,2000.00,2000.00,2000.00,4);
INSERT INTO HISTORIALFINANZAS VALUES(11,2019,50000.00,60000.00,10000.00,10000.00,10000.00,14000.00,6000.00,10000.00,4);
INSERT INTO HISTORIALFINANZAS VALUES(12,2019,8000.00,14000.00,6000.00,2000.00,1000.00,3000.00,1000.00,1000.00,4);
INSERT INTO HISTORIALFINANZAS VALUES(1,2020,25000.00,27000.00,2000.00,5000.00,5000.00,7000.00,3000.00,5000.00,12);
INSERT INTO HISTORIALFINANZAS VALUES(2,2020,24000.00,23000.00,1000.00,6000.00,6000.00,2000.00,6000.00,4000.00,12);
INSERT INTO HISTORIALFINANZAS VALUES(3,2020,26000.00,22000.00,4000.00,9000.00,1000.00,2000.00,3000.00,6000.00,12);
INSERT INTO HISTORIALFINANZAS VALUES(4,2020,17000.00,9000.00,2000.00,5000.00,2000.00,1000.00,3000.00,4000.00,7);
INSERT INTO HISTORIALFINANZAS VALUES(5,2020,13000.00,9000.00,1000.00,3000.00,3000.00,2000.00,2000.00,2000.00,7);
INSERT INTO HISTORIALFINANZAS VALUES(6,2020,21000.00,14000.00,7000.00,2000.00,9000.00,5000.00,2000.00,3000.00,7);
INSERT INTO HISTORIALFINANZAS VALUES(7,2020,16000.00,15000.00,1000.00,1000.00,1000.00,2000.00,2000.00,10000.00,9);
INSERT INTO HISTORIALFINANZAS VALUES(8,2020,20000.00,19000.00,1000.00,6000.00,6000.00,3000.00,4000.00,1000.00,9);
INSERT INTO HISTORIALFINANZAS VALUES(9,2020,27000.00,25000.00,-2000.00,6000.00,3000.00,6000.00,5000.00,10000.00,9);
INSERT INTO HISTORIALFINANZAS VALUES(10,2020,14000.00,9000.00,5000.00,4000.00,3000.00,1000.00,4000.00,2000.00, 17);
INSERT INTO HISTORIALFINANZAS VALUES(11,2020,13000.00,15000.00,-2000.00,4000.00,5000.00,1000.00,2000.00,1000.00,17);
INSERT INTO HISTORIALFINANZAS VALUES(12,2020,17000.00,27000.00,-10000.00,5000.00,3000.00,2000.00,3000.00,4000.00,17);

INSERT INTO BUZON(MENSAJE,USUARIO_ADMIN,USUARIOMF,NOMBRE_GASTOS,FECHA,HORA) VALUES ("SE ACERCA EL DIA DE PAGO","PCAMPOS","STEVEROGERS","Agua","2021-05-25", "19:35:15");
INSERT INTO BUZON(MENSAJE,USUARIO_ADMIN,USUARIOMF,NOMBRE_GASTOS,FECHA,HORA) VALUES ("SE GASTO MUCHO EN COMIDA","MAGNUS","GUZMANCH","Cena en Gran Chef","2021-04-07", "13:37:25");
INSERT INTO BUZON(MENSAJE,USUARIO_ADMIN,USUARIOMF,NOMBRE_GASTOS,FECHA,HORA) VALUES ("ME GUSTO EL MODELO","NAKAMURA","DOMINIQUEPILAR","Repisas para la cocina","2021-02-27", "16:35:14");
INSERT INTO BUZON(MENSAJE,USUARIO_ADMIN,USUARIOMF,NOMBRE_GASTOS,FECHA,HORA) VALUES ("GASTO INNECESARIO","PEDROLAZAR","JOSESALAZ","Juego de luces para el cuarto","2021-03-27", "13:35:15");
INSERT INTO BUZON(MENSAJE,USUARIO_ADMIN,USUARIOMF,NOMBRE_GASTOS,FECHA,HORA) VALUES ("SE ACERCA EL DIA DE PAGO","LSALAZAR","FRANKLAZ","Agua","2021-05-09", "19:35:15");
INSERT INTO BUZON(MENSAJE,USUARIO_ADMIN,USUARIOMF,NOMBRE_GASTOS,FECHA,HORA) VALUES ("Yo gasté 25 dolares mas y al parecer se confundieron","TONYSTARK","ALYSHIACANADA","Llaves de agua para la cocina","2021-04-16", "17:45:23");
INSERT INTO BUZON(MENSAJE,USUARIO_ADMIN,USUARIOMF,NOMBRE_GASTOS,FECHA,HORA) VALUES ("Tenga cuidado de no gastar demasiado por favor","MARCOH55","TULIOMORENO","Salida con Amigos", "2021-03-25","11:35:23");
INSERT INTO BUZON(MENSAJE,USUARIO_ADMIN,USUARIOMF,NOMBRE_GASTOS,FECHA,HORA) VALUES ("Por que gastaron de mas en cereales??","PCAMPOS","STEVEROGERS","Cereales para los niños","2021-07-28","14:32:17");
INSERT INTO BUZON(MENSAJE,USUARIO_ADMIN,USUARIOMF,NOMBRE_GASTOS,FECHA,HORA) VALUES ("Hay un error en el gasto de consulta medica","FMEDINA","ERICKGDD","Consulta medica","2020-08-14","20:45:09");
INSERT INTO BUZON(MENSAJE,USUARIO_ADMIN,USUARIOMF,NOMBRE_GASTOS,FECHA,HORA) VALUES ("No se olviden de cancelar en agua a tiempo","LSALAZAR","FRANKLAZ","Agua","2021-06-15", "09:12:45");
INSERT INTO BUZON(MENSAJE,USUARIO_ADMIN,USUARIOMF,FECHA,HORA) VALUES ("La proxima semana hay que ir de compras","PCAMPOS","STEVEROGERS","2021-06-25", "16:35:15");
INSERT INTO BUZON(MENSAJE,USUARIO_ADMIN,USUARIOMF,FECHA,HORA) VALUES ("Te toca invitar la cena mañana","MAGNUS","GUZMANCH","2021-04-07", "13:44:25");
INSERT INTO BUZON(MENSAJE,USUARIO_ADMIN,USUARIOMF,FECHA,HORA) VALUES ("No te olvides de comprar fruta para esta semana","NAKAMURA","DOMINIQUEPILAR","2021-03-27", "16:33:33");
INSERT INTO BUZON(MENSAJE,USUARIO_ADMIN,USUARIOMF,FECHA,HORA) VALUES ("Cuanto dinero queda?","PEDROLAZAR","JOSESALAZ","2021-03-27", "13:35:15");
INSERT INTO BUZON(MENSAJE,USUARIO_ADMIN,USUARIOMF,FECHA,HORA) VALUES ("No te olvides de pagar el net","LSALAZAR","FRANKLAZ","2021-05-29", "20:35:15");
INSERT INTO BUZON(MENSAJE,USUARIO_ADMIN,USUARIOMF,FECHA,HORA) VALUES ("Cuanto costaron los zapatos que compre hace 1 mes?","TONYSTARK","ALYSHIACANADA","2021-08-16", "16:45:23");
INSERT INTO BUZON(MENSAJE,USUARIO_ADMIN,USUARIOMF,FECHA,HORA) VALUES ("No te olvides de pasar por la lavanderia mañana","MARCOH55","TULIOMORENO", "2021-03-28","22:35:23");
INSERT INTO BUZON(MENSAJE,USUARIO_ADMIN,USUARIOMF,FECHA,HORA) VALUES ("Se puede comprar pizza?","PCAMPOS","STEVEROGERS","2021-06-28","04:32:17");
INSERT INTO BUZON(MENSAJE,USUARIO_ADMIN,USUARIOMF,FECHA,HORA) VALUES ("Necesito comprar unos libros","FMEDINA","ERICKGDD","2020-03-13","20:45:09");
INSERT INTO BUZON(MENSAJE,USUARIO_ADMIN,USUARIOMF,FECHA,HORA) VALUES ("Paga el telefono por favor","LSALAZAR","FRANKLAZ","2021-04-14", "04:14:45");
