INSERT INTO HOGAR(NOMBRE_FAMILIA) VALUES ("PLAZA CAMPOS");
INSERT INTO HOGAR(NOMBRE_FAMILIA) VALUES ("FLORES MEDINA");
INSERT INTO HOGAR(NOMBRE_FAMILIA) VALUES ("LOPEZ SALAZAR");
INSERT INTO HOGAR(NOMBRE_FAMILIA) VALUES ("GARCIA RODRIGUEZ");
INSERT INTO HOGAR(NOMBRE_FAMILIA) VALUES ("CHAVEZ LOPEZ");
INSERT INTO HOGAR(NOMBRE_FAMILIA) VALUES ("VACA GALINDO");
INSERT INTO HOGAR(NOMBRE_FAMILIA) VALUES ("TOMALA CABEZA");
INSERT INTO HOGAR(NOMBRE_FAMILIA) VALUES ("PLAZA LAGOS");
INSERT INTO HOGAR(NOMBRE_FAMILIA) VALUES ("URRUTIA MERINO");
INSERT INTO HOGAR(NOMBRE_FAMILIA) VALUES ("NONOA BUCARAM");
INSERT INTO HOGAR(NOMBRE_FAMILIA) VALUES ("TORRES TORRES");
INSERT INTO HOGAR(NOMBRE_FAMILIA) VALUES ("ROMERO SANCHEZ");
INSERT INTO HOGAR(NOMBRE_FAMILIA) VALUES ("SALAZAR LEON");
INSERT INTO HOGAR(NOMBRE_FAMILIA) VALUES ("QUIROZ AYOVI");
INSERT INTO HOGAR(NOMBRE_FAMILIA) VALUES ("VALENCIA NAZARENO");
INSERT INTO HOGAR(NOMBRE_FAMILIA) VALUES ("BARKER MALO");
INSERT INTO HOGAR(NOMBRE_FAMILIA) VALUES ("SMITH ZAMBRANO");
INSERT INTO HOGAR(NOMBRE_FAMILIA) VALUES ("VILLAMAR SALTOS");
INSERT INTO HOGAR(NOMBRE_FAMILIA) VALUES ("PESANTEZ PROCEL");
INSERT INTO HOGAR(NOMBRE_FAMILIA) VALUES ("VERGARA BENITEZ");

INSERT INTO ADMINISTRADOR VALUES ("PCAMPOS", "PCAM7455", 1);
INSERT INTO ADMINISTRADOR VALUES ("FMEDINA", "MED545FS", 2);
INSERT INTO ADMINISTRADOR VALUES ("LSALAZAR", "2255ASAL", 3);
INSERT INTO ADMINISTRADOR VALUES ("PEDROLAZAR", "PEDRO151", 3);
INSERT INTO ADMINISTRADOR VALUES ("JOSELUISXD", "JOSELIX69", 1);
INSERT INTO ADMINISTRADOR VALUES ("JUANPIGUAVE", "PIGUAVE358", 4);
INSERT INTO ADMINISTRADOR VALUES ("MARCOH55", "MARK43SS", 5);
INSERT INTO ADMINISTRADOR VALUES ("AQUILESCAIGO", "TROYA123", 5);
INSERT INTO ADMINISTRADOR VALUES ("KRATOSDAVID", "ZEUS124", 6);
INSERT INTO ADMINISTRADOR VALUES ("NOBITAZAM", "ZAMBRANO01", 7);
INSERT INTO ADMINISTRADOR VALUES ("JOANLUIS", "LUISECSXD", 8);
INSERT INTO ADMINISTRADOR VALUES ("BETOZZ", "ZZBETOZ58", 9);
INSERT INTO ADMINISTRADOR VALUES ("MAGNUS", "CHESS123", 11);
INSERT INTO ADMINISTRADOR VALUES ("NAKAMURA", "BONGCLOUD", 12);
INSERT INTO ADMINISTRADOR VALUES ("VOLKOVPEDRO", "RUSSIA74", 13);
INSERT INTO ADMINISTRADOR VALUES ("ADOLFOH", "BERLIN45", 14);
INSERT INTO ADMINISTRADOR VALUES ("TRUMP", "MONEY", 14);
INSERT INTO ADMINISTRADOR VALUES ("TONYSTARK", "IRONMAN", 10);
INSERT INTO ADMINISTRADOR VALUES ("DONNAZA", "BIGMONEY", 17);
INSERT INTO ADMINISTRADOR VALUES ("MARCOTULIO", "RPESTODO", 20);

INSERT INTO MIEMBROS_FAMILIA VALUES ("JOSESALAZ", "SALAX123", 3);
INSERT INTO MIEMBROS_FAMILIA VALUES ("FRANKLAZ", "FRANK455", 3);
INSERT INTO MIEMBROS_FAMILIA VALUES ("ERICKGDD", "GDD165589", 2);
INSERT INTO MIEMBROS_FAMILIA VALUES ("LEONARDOCAMPOS", "CAAMPOSS125", 1);
INSERT INTO MIEMBROS_FAMILIA VALUES ("STEVEROGERS", "SUERO174", 1);
INSERT INTO MIEMBROS_FAMILIA VALUES ("JOANPAOLO", "PAOLO64", 4);
INSERT INTO MIEMBROS_FAMILIA VALUES ("TULIOMORENO", "MORENOSSS", 5);
INSERT INTO MIEMBROS_FAMILIA VALUES ("NICOLELOPEZ", "NICOL111", 7);
INSERT INTO MIEMBROS_FAMILIA VALUES ("EMELYPEREZ", "PEREZE36", 8);
INSERT INTO MIEMBROS_FAMILIA VALUES ("ALYSHIACANADA", "CANADA2.0", 10);
INSERT INTO MIEMBROS_FAMILIA VALUES ("DOMINIQUEPILAR", "PILARSITA", 12);
INSERT INTO MIEMBROS_FAMILIA VALUES ("DEBORA777", "777DEB777", 13);
INSERT INTO MIEMBROS_FAMILIA VALUES ("SAMUELDELUQUE", "VEGETTA777", 7);
INSERT INTO MIEMBROS_FAMILIA VALUES ("ELONMOSK", "TESLA99", 19);
INSERT INTO MIEMBROS_FAMILIA VALUES ("BEZOSAMA", "AMAZON532", 19);
INSERT INTO MIEMBROS_FAMILIA VALUES ("BILLGATES", "PAGALALICENCIA", 13);
INSERT INTO MIEMBROS_FAMILIA VALUES ("PABLOESCOBAR", "ELPATRON", 15);
INSERT INTO MIEMBROS_FAMILIA VALUES ("TONYMONTANA", "CARACORTADA", 3);
INSERT INTO MIEMBROS_FAMILIA VALUES ("GUZMANCH", "ELCHAPO", 11);
INSERT INTO MIEMBROS_FAMILIA VALUES ("ABDALABUCARAM", "ELLOCOC", 6);

INSERT INTO USUARIOS VALUES ("PCAMPOS", "12345-54321-895",5000.00, 1);
INSERT INTO USUARIOS VALUES ("FMEDINA", "89657-56348-973",7000.00, 2);
INSERT INTO USUARIOS VALUES ("LSALAZAR", "98766-65520-895",25000.00, 3);
INSERT INTO USUARIOS VALUES ("PEDROLAZAR", "36580-25470-521",51000.00, 3);
INSERT INTO USUARIOS VALUES ("JOSELUISXD", "02636-98500-020",9000.00, 1);
INSERT INTO USUARIOS VALUES ("JUANPIGUAVE", "36575-00056-035",1000.00, 4);
INSERT INTO USUARIOS VALUES ("MARCOH55", "03592-05552-005",50000.00, 5);
INSERT INTO USUARIOS VALUES ("AQUILESCAIGO", "20202-36500-999",1000.00, 5);
INSERT INTO USUARIOS VALUES ("KRATOSDAVID", "05551-05562-000",5000.00, 6);
INSERT INTO USUARIOS VALUES ("NOBITAZAM", "05682-00566-971",6000.00, 7);
INSERT INTO USUARIOS VALUES ("JOANLUIS", "40659-08763-366",3000.00, 8);
INSERT INTO USUARIOS VALUES ("BETOZZ", "66666-66666-66",2000.00, 9);
INSERT INTO USUARIOS VALUES ("MAGNUS", "34234-23444-879",5050.00, 11);
INSERT INTO USUARIOS VALUES ("NAKAMURA", "36985-03250-003",7700.00, 12);
INSERT INTO USUARIOS VALUES ("VOLKOVPEDRO", "03625-98520-317",8800.00, 13);
INSERT INTO USUARIOS VALUES ("ADOLFOH", "98758-69354-024",5000.00, 14);
INSERT INTO USUARIOS VALUES ("TRUMP", "14563-02520-314",4500.00, 14);
INSERT INTO USUARIOS VALUES ("TONYSTARK", "89565-78945-000",3333.00, 10);
INSERT INTO USUARIOS VALUES ("DONNAZA", "35698-59850-145",4968.00, 17);
INSERT INTO USUARIOS VALUES ("MARCOTULIO", "36585-02145-356",9863.00, 20);
INSERT INTO USUARIOS VALUES ("JOSESALAZ", "11111-11111-111",47856.00, 3);
INSERT INTO USUARIOS VALUES ("FRANKLAZ", "22222-22222-222",50200.00, 3);
INSERT INTO USUARIOS VALUES ("ERICKGDD", "33333-33333-33",50300.00, 2);
INSERT INTO USUARIOS VALUES ("LEONARDOCAMPOS", "44444-44444-444",5300.00, 1);
INSERT INTO USUARIOS VALUES ("STEVEROGERS", "55555-55555-555",7000.00, 1);
INSERT INTO USUARIOS VALUES ("JOANPAOLO", "11123-14156-789",2000.00, 4);
INSERT INTO USUARIOS VALUES ("TULIOMORENO", "10101-10101-101",10000.00, 5);
INSERT INTO USUARIOS VALUES ("DOMINIQUEPILAR", "99999-99999-999",50020.00, 12);
INSERT INTO USUARIOS VALUES ("DEBORA777", "88888-88888-888",14000.00, 13);
INSERT INTO USUARIOS VALUES ("SAMUELDELUQUE", "77777-77777-777",12000.00, 7);
INSERT INTO USUARIOS VALUES ("EMELYPEREZ", "15165-00000-000",12000.00, 8);
INSERT INTO USUARIOS VALUES ("ALYSHIACANADA", "66688-39856-257",12000.00, 10);

-- SOLO EXISTEN EN NUESTRO PROGRAMA 5 CATEGORIAS
INSERT INTO CATEGORIAS(NOMBRE) VALUES ("ALIMENTACION");
INSERT INTO CATEGORIAS(NOMBRE) VALUES ("SALUD");
INSERT INTO CATEGORIAS(NOMBRE) VALUES ("VIVIENDA");
INSERT INTO CATEGORIAS(NOMBRE) VALUES ("VESTIMENTA");
INSERT INTO CATEGORIAS(NOMBRE) VALUES ("DISTRACCION");

INSERT INTO GASTOS VALUES ("Agua",34.87,"2021-05-02","2021-06-03","PCAMPOS",3,"PCAMPOS");
INSERT INTO GASTOS VALUES ("Salida con amigos",16.50,"2021-03-01","2021-03-01","MARCOH55",5,"TULIOMORENO");
INSERT INTO GASTOS VALUES ("Ropa para Navidad",140.97,"2020-12-10","2020-12-10","MARCOH55",4,"MARCOH55");
INSERT INTO GASTOS VALUES ("Luz",60.23,"2021-05-02","2021-06-03","NAKAMURA",3,"DOMINIQUEPILAR");
INSERT INTO GASTOS VALUES ("Cena en Gran Chef",67.33,"2021-04-05","2021-04-05","MAGNUS",1,"MAGNUS");
INSERT INTO GASTOS VALUES ("Consulta medica",13.00,"2020-08-07","2020-08-07","FMEDINA",2,"ERICKGDD");
INSERT INTO GASTOS VALUES ("Medicamentos para el estomago",26.51,"2020-10-24","2020-10-24","ADOLFOH",2,"ADOLFOH");
INSERT INTO GASTOS VALUES ("Repisas para la cocina",20.00,"2021-02-19","2021-02-19","NAKAMURA",4,"NAKAMURA");
INSERT INTO GASTOS VALUES ("Juego de luces para el cuarto",15.34,"2021-03-24","2021-03-24","PEDROLAZAR",3,"PEDROLAZAR");
INSERT INTO GASTOS VALUES ("Mercado mensual",120.87,"2020-11-09","2020-11-09","NAKAMURA",1,"NAKAMURA");
INSERT INTO GASTOS VALUES ("Agua",32.77,"2021-03-05","2021-04-06","DONNAZA",3,"DONNAZA");
INSERT INTO GASTOS VALUES ("Salida familiar al Malecon",23.50,"2021-02-05","2021-02-05","NOBITAZAM",5,"NOBITAZAM");
INSERT INTO GASTOS VALUES ("Camisa para fiesta de amiga",12.54,"2021-05-22","2021-05-22","MAGNUS",4,"MAGNUS");
INSERT INTO GASTOS VALUES ("Agua",34.87,"2021-06-03","2021-06-03","LSALAZAR",3,"FRANKLAZ");
INSERT INTO GASTOS VALUES ("Salida al cine con mi prima",20.00,"2021-06-14","2021-06-14","DONNAZA",5,"DONNAZA");
INSERT INTO GASTOS VALUES ("Articulos de higiene",25.07,"2021-01-31","2021-01-31","LSALAZAR",2,"FRANKLAZ");
INSERT INTO GASTOS VALUES ("Cereales para los niños",18.23,"2021-07-25","2021-07-25","PCAMPOS",1,"STEVEROGERS");
INSERT INTO GASTOS VALUES ("Llaves de agua para la cocina",9.17,"2021-04-13","2021-04-13","TONYSTARK",3,"TONYSTARK");
INSERT INTO GASTOS VALUES ("Luz",16.98,"2021-03-08","2021-03-08","PEDROLAZAR",3,"PEDROLAZAR");
INSERT INTO GASTOS VALUES ("Agua",8.87,"2021-04-30","2021-04-30","PEDROLAZAR",3,"JOSESALAZ");

INSERT INTO INGRESOS VALUES ("JUANPIGUAVE","JUANPIGUAVE");
INSERT INTO INGRESOS VALUES ("SAMUELDELUQUE","NOBITAZAM");
INSERT INTO INGRESOS VALUES ("KRATOSDAVID","KRATOSDAVID");
INSERT INTO INGRESOS VALUES ("PEDROLAZAR","LSALAZAR");
INSERT INTO INGRESOS VALUES ("FMEDINA","FMEDINA");
INSERT INTO INGRESOS VALUES ("MAGNUS","MAGNUS");
INSERT INTO INGRESOS VALUES ("AQUILESCAIGO","MARCOH55");
INSERT INTO INGRESOS VALUES ("PCAMPOS","JOSELUISXD");
INSERT INTO INGRESOS VALUES ("VOLKOVPEDRO","VOLKOVPEDRO");
INSERT INTO INGRESOS VALUES ("LEONARDOCAMPOS","PCAMPOS");
INSERT INTO INGRESOS VALUES ("JOANLUIS","JOANLUIS");
INSERT INTO INGRESOS VALUES ("DONNAZA","DONNAZA");
INSERT INTO INGRESOS VALUES ("NAKAMURA","NAKAMURA");
INSERT INTO INGRESOS VALUES ("ERICKGDD","FMEDINA");
INSERT INTO INGRESOS VALUES ("TONYSTARK","TONYSTARK");
INSERT INTO INGRESOS VALUES ("EMELYPEREZ","JOANLUIS");
INSERT INTO INGRESOS VALUES ("ALYSHIACANADA","TONYSTARK");
INSERT INTO INGRESOS VALUES ("DOMINIQUEPILAR","NAKAMURA");
INSERT INTO INGRESOS VALUES ("DEBORA777","VOLKOVPEDRO");

INSERT INTO HISTORIALFINANZAS VALUES("ENERO",2019,25000.00,27000.00,2000.00,5000.00,5000.00,7000.00,3000.00,5000.00,1);
INSERT INTO HISTORIALFINANZAS VALUES("FEBRERO",2019,20000.00,22000.00,2000.00,4000.00,8000.00,2000.00,2000.00,4000.00,1);
INSERT INTO HISTORIALFINANZAS VALUES("MARZO",2019,150000.00,19000.00,4000.00,5000.00,3000.00,1000.00,1000.00,5000.00,1);
INSERT INTO HISTORIALFINANZAS VALUES("ABRIL",2019,35000.00,32000.00,-3000.00,5000.00,5000.00,7000.00,8000.00,10000.00,2);
INSERT INTO HISTORIALFINANZAS VALUES("MAYO",2019,25000.00,27000.00,2000.00,5000.00,5000.00,7000.00,3000.00,5000.00,2);
INSERT INTO HISTORIALFINANZAS VALUES("JUNIO",2019,20000.00,22000.00,2000.00,2000.00,5000.00,6000.00,3000.00,4000.00,2);
INSERT INTO HISTORIALFINANZAS VALUES("JULIO",2019,25000.00,27000.00,2000.00,5000.00,5000.00,7000.00,3000.00,5000.00,3);
INSERT INTO HISTORIALFINANZAS VALUES("AGOSTO",2019,15000.00,17000.00,-2000.00,3000.00,3000.00,3000.00,3000.00,3000.00,3);
INSERT INTO HISTORIALFINANZAS VALUES("SEPTIEMBRE",2019,25000.00,28000.00,3000.00,5000.00,5000.00,7000.00,3000.00,5000.00,3);
INSERT INTO HISTORIALFINANZAS VALUES("OCTUBRE",2019,10000.00,11000.00,1000.00,2000.00,2000.00,2000.00,2000.00,2000.00,4);
INSERT INTO HISTORIALFINANZAS VALUES("NOVIEMBRE",2019,50000.00,60000.00,10000.00,10000.00,10000.00,14000.00,6000.00,10000.00,4);
INSERT INTO HISTORIALFINANZAS VALUES("DICIEMBRE",2019,8000.00,14000.00,6000.00,2000.00,1000.00,3000.00,1000.00,1000.00,4);
INSERT INTO HISTORIALFINANZAS VALUES("ENERO",2020,25000.00,27000.00,2000.00,5000.00,5000.00,7000.00,3000.00,5000.00,12);
INSERT INTO HISTORIALFINANZAS VALUES("FEBRERO",2020,24000.00,23000.00,1000.00,6000.00,6000.00,2000.00,6000.00,4000.00,12);
INSERT INTO HISTORIALFINANZAS VALUES("MARZO",2020,26000.00,22000.00,4000.00,9000.00,1000.00,2000.00,3000.00,6000.00,12);
INSERT INTO HISTORIALFINANZAS VALUES("ABRIL",2020,17000.00,9000.00,2000.00,5000.00,2000.00,1000.00,3000.00,4000.00,7);
INSERT INTO HISTORIALFINANZAS VALUES("MAYO",2020,13000.00,9000.00,1000.00,3000.00,3000.00,2000.00,2000.00,2000.00,7);
INSERT INTO HISTORIALFINANZAS VALUES("JUNIO",2020,21000.00,14000.00,7000.00,2000.00,9000.00,5000.00,2000.00,3000.00,7);
INSERT INTO HISTORIALFINANZAS VALUES("JULIO",2020,16000.00,15000.00,1000.00,1000.00,1000.00,2000.00,2000.00,10000.00,9);
INSERT INTO HISTORIALFINANZAS VALUES("AGOSTO",2020,20000.00,19000.00,1000.00,6000.00,6000.00,3000.00,4000.00,1000.00,9);
INSERT INTO HISTORIALFINANZAS VALUES("SEPTIEMBRE",2020,27000.00,25000.00,-2000.00,6000.00,3000.00,6000.00,5000.00,10000.00,9);
INSERT INTO HISTORIALFINANZAS VALUES("OCTUBRE",2020,14000.00,9000.00,5000.00,4000.00,3000.00,1000.00,4000.00,2000.00, 17);
INSERT INTO HISTORIALFINANZAS VALUES("NOVIEMBRE",2020,13000.00,15000.00,-2000.00,4000.00,5000.00,1000.00,2000.00,1000.00,17);
INSERT INTO HISTORIALFINANZAS VALUES("DICIEMBRE",2020,17000.00,27000.00,-10000.00,5000.00,3000.00,2000.00,3000.00,4000.00,17);

INSERT INTO BUZON(MENSAJE,USUARIO_ADMIN,USUARIOMF,NOMBRE_GASTOS,FECHA,HORA) VALUES ("SE ACERCA EL DIA DE PAGO","PCAMPOS","STEVEROGERS","Agua","2021-05-25", "19:35:15");
INSERT INTO BUZON(MENSAJE,USUARIO_ADMIN,USUARIOMF,NOMBRE_GASTOS,FECHA,HORA) VALUES ("SE GASTO MUCHO EN COMIDA","MAGNUS","GUZMANCH","Cena en Gran Chef","2021-04-07", "13:37:25");
INSERT INTO BUZON(MENSAJE,USUARIO_ADMIN,USUARIOMF,NOMBRE_GASTOS,FECHA,HORA) VALUES ("ME GUSTO EL MODELO","NAKAMURA","DOMINIQUEPILAR","Repisas para la cocina","2021-02-27", "16:35:14");
INSERT INTO BUZON(MENSAJE,USUARIO_ADMIN,USUARIOMF,NOMBRE_GASTOS,FECHA,HORA) VALUES ("GASTO INNECESARIO","PEDROLAZAR","JOSESALAZ","Juego de luces para el cuarto","2021-03-27", "13:35:15");
INSERT INTO BUZON(MENSAJE,USUARIO_ADMIN,USUARIOMF,NOMBRE_GASTOS,FECHA,HORA) VALUES ("SE ACERCA EL DIA DE PAGO","LSALAZAR","FRANKLAZ","Agua","2021-05-09", "19:35:15");
INSERT INTO BUZON(MENSAJE,USUARIO_ADMIN,USUARIOMF,NOMBRE_GASTOS,FECHA,HORA) VALUES ("Yo gasté 25 dolares mas y al parecer se confundieron","TONYSTARK","ALYSHIACANADA","Llaves de agua para la cocina","2021-04-16", "17:45:23");
INSERT INTO BUZON(MENSAJE,USUARIO_ADMIN,USUARIOMF,NOMBRE_GASTOS,FECHA,HORA) VALUES ("Tenga cuidado de no gastar demasiado por favor","MARCOH55","TULIOMORENO","Salida con Amigos", "2021-03-25","11:35:23");
INSERT INTO BUZON(MENSAJE,USUARIO_ADMIN,USUARIOMF,NOMBRE_GASTOS,FECHA,HORA) VALUES ("Por que gastaron de mas en cereales??","PCAMPOS","STEVEROGERS","Cereales para los niños","2021-07-28","14:32:17");
INSERT INTO BUZON(MENSAJE,USUARIO_ADMIN,USUARIOMF,NOMBRE_GASTOS,FECHA,HORA) VALUES ("Hay un error en el gasto de consulta medica","FMEDINA","ERICKGDD","Consulta medica","2020-08-14","20:45:09");
INSERT INTO BUZON(MENSAJE,USUARIO_ADMIN,USUARIOMF,NOMBRE_GASTOS,FECHA,HORA) VALUES ("No se olviden de cancelar en agua a tiempo","LSALAZAR","FRANKLAZ","Agua","2021-06-15", "09:12:45");
INSERT INTO BUZON(MENSAJE,USUARIO_ADMIN,USUARIOMF,FECHA,HORA) VALUES ("La proxima semana hay que ir de compras","PCAMPOS","STEVEROGERS","2021-06-25", "16:35:15");
INSERT INTO BUZON(MENSAJE,USUARIO_ADMIN,USUARIOMF,FECHA,HORA) VALUES ("Te toca invitar la cena mañana","MAGNUS","GUZMANCH","2021-04-07", "13:44:25");
INSERT INTO BUZON(MENSAJE,USUARIO_ADMIN,USUARIOMF,FECHA,HORA) VALUES ("No te olvides de comprar fruta para esta semana","NAKAMURA","DOMINIQUEPILAR","2021-03-27", "16:33:33");
INSERT INTO BUZON(MENSAJE,USUARIO_ADMIN,USUARIOMF,FECHA,HORA) VALUES ("Cuanto dinero queda?","PEDROLAZAR","JOSESALAZ","2021-03-27", "13:35:15");
INSERT INTO BUZON(MENSAJE,USUARIO_ADMIN,USUARIOMF,FECHA,HORA) VALUES ("No te olvides de pagar el net","LSALAZAR","FRANKLAZ","2021-05-29", "20:35:15");
INSERT INTO BUZON(MENSAJE,USUARIO_ADMIN,USUARIOMF,FECHA,HORA) VALUES ("Cuanto costaron los zapatos que compre hace 1 mes?","TONYSTARK","ALYSHIACANADA","2021-08-16", "16:45:23");
INSERT INTO BUZON(MENSAJE,USUARIO_ADMIN,USUARIOMF,FECHA,HORA) VALUES ("No te olvides de pasar por la lavanderia mañana","MARCOH55","TULIOMORENO", "2021-03-28","22:35:23");
INSERT INTO BUZON(MENSAJE,USUARIO_ADMIN,USUARIOMF,FECHA,HORA) VALUES ("Se puede comprar pizza?","PCAMPOS","STEVEROGERS","2021-06-28","04:32:17");
INSERT INTO BUZON(MENSAJE,USUARIO_ADMIN,USUARIOMF,FECHA,HORA) VALUES ("Necesito comprar unos libros","FMEDINA","ERICKGDD","2020-03-13","20:45:09");
INSERT INTO BUZON(MENSAJE,USUARIO_ADMIN,USUARIOMF,FECHA,HORA) VALUES ("Paga el telefono por favor","LSALAZAR","FRANKLAZ","2021-04-14", "04:14:45");
